event_date,season,event,winner,notes,verified
2026-03-26,2026,Live,Relish,"Relish won the Opening Day hot dog race during the Orioles' 2026 season opener.",TRUE
2026-03-28,2026,,Ketchup,"https://www.reddit.com/r/orioles/comments/1s67gfe/comment/od19xhh",TRUE
2026-03-29,2026,,Relish,"https://www.reddit.com/r/orioles/comments/1sih01g/hot_dog_race/",TRUE
2026-03-30,2026,,Ketchup,"https://www.reddit.com/r/orioles/comments/1sih01g/hot_dog_race/",TRUE
2026-03-31,2026,,Relish,"https://www.reddit.com/r/orioles/comments/1sih01g/hot_dog_race/",TRUE
2026-04-01,2026,,Ketchup,"https://www.reddit.com/r/orioles/comments/1sih01g/hot_dog_race/",TRUE
2026-04-10,2026,,Ketchup,"https://www.reddit.com/r/orioles/comments/1sih01g/hot_dog_race/",TRUE
2026-04-11,2026,,Relish,"",FALSE
2026-04-12,2026,,Ketchup,"",FALSE
2026-04-13,2026,,Relish,"",FALSE
2026-04-14,2026,Virtual,Relish,"Unveiled the new virtual hot dog race format, Relish won with standings at 5-0-6",TRUE
2026-04-15,2026,,Relish,"",FALSE
2026-04-24,2026,,Relish,"",FALSE
2026-04-25,2026,,Ketchup,"",FALSE
2026-04-26,2026,,Ketchup,"",FALSE
2026-04-28,2026,,Relish,"",FALSE
2026-04-29,2026,,Relish,"",FALSE
2026-04-30,2026,,Ketchup,"",FALSE
2026-05-08,2026,,Ketchup,"",FALSE
2026-05-09,2026,,Relish,"",FALSE
2026-05-10,2026,,Ketchup,"",FALSE
2026-05-11,2026,,Ketchup,"",FALSE
2026-05-12,2026,,Ketchup,"",FALSE
2026-05-13,2026,,Ketchup,"Standings were 13-0-11 at this time, don't know who won",FALSE
2026-05-22,2026,,Ketchup,"Has to be ketchup",TRUE
2026-05-23,2026,,Ketchup,"https://www.reddit.com/r/orioles/comments/1tmipnl/lets_be_real/",TRUE
2026-05-24,2026,,Ketchup,"Had to be Ketchup",TRUE
2026-05-25,2026,Live,Mustard,"Mustard won his first hot dog race of the season, ending a 27-race losing streak.",TRUE
2026-05-28,2026,Virtual,Mustard,"https://www.reddit.com/r/orioles/comments/1too7m5/make_it_2_in_a_row_for_mustard/",TRUE
2026-05-27,2026,Dog,Mustard,"Mustard won the Bark at the Park Night hot dog race in the Orioles' 2026 season.",TRUE
2026-05-28,2026,Virtual,Mustard,"https://www.reddit.com/r/orioles/comments/1tqk74h/mustard_40_in_last_4/",TRUE
2026-05-29,2026,,Mustard,"https://www.reddit.com/r/orioles/comments/1trfmml/comment/ooo6luf/",TRUE